,S/n,Name,Country,Salutation,Company,Department,assigned_group
0,1,Murphy Clemons,Australia,Mr.,Adobe,Human Resources,7
1,2,Freya Heath,Australia,Mr.,Adobe,Research and Development,1
2,3,Avram Neal,Australia,Mr.,Microsoft,Human Resources,7
3,4,Price Jennings,Australia,Mr.,Microsoft,Human Resources,9
4,5,Patrick Wolf,Australia,Mr.,Microsoft,Human Resources,2
5,6,Akeem Small,Australia,Mr.,Microsoft,Research and Development,1
6,7,Ezekiel Rice,Australia,Mr.,Yahoo,Accounting,5
7,8,Hannah Rutledge,Australia,Mr.,Yahoo,Human Resources,1
8,9,Kasimir Lynn,Australia,Ms.,Adobe,Customer Relations,8
9,10,Garth Robbins,Australia,Ms.,Adobe,Human Resources,4
10,11,Kennedy Graham,Australia,Ms.,Adobe,Research and Development,3
11,12,Darius Matthews,Australia,Ms.,Google,Accounting,7
12,13,Emerald Golden,Australia,Ms.,Google,Accounting,4
13,14,Brendan Barber,Australia,Ms.,Microsoft,Accounting,2
14,15,Slade Woodard,Australia,Ms.,Microsoft,Human Resources,1
15,16,Tamekah Velazquez,Australia,Ms.,Yahoo,Customer Relations,5
16,17,Imelda Middleton,Australia,Ms.,Yahoo,Customer Relations,10
17,18,Devin William,Australia,Ms.,Yahoo,Customer Relations,5
18,19,Tucker Petty,Australia,Ms.,Yahoo,Human Resources,1
19,20,Amal Sutton,Belgium,Mr.,Adobe,Accounting,6
20,21,Bethany Powell,Belgium,Mr.,Adobe,Human Resources,6
21,22,Mason Wilson,Belgium,Mr.,Adobe,Research and Development,9
22,23,Isaac Nixon,Belgium,Mr.,Adobe,Research and Development,4
23,24,Arthur Mcintyre,Belgium,Mr.,Google,Customer Relations,6
24,25,Joan Roberson,Belgium,Mr.,Google,Customer Relations,10
25,26,Shellie Kinney,Belgium,Mr.,Google,Customer Relations,8
26,27,Olympia Mckee,Belgium,Mr.,Google,Human Resources,5
27,28,Josephine Goodwin,Belgium,Mr.,Google,Human Resources,8
28,29,Tyrone Sullivan,Belgium,Mr.,Microsoft,Customer Relations,10
29,30,Sawyer Randall,Belgium,Mr.,Microsoft,Customer Relations,3
30,31,Gary Walters,Belgium,Mr.,Microsoft,Customer Relations,3
31,32,Logan Giles,Belgium,Mr.,Microsoft,Human Resources,9
32,33,Leo Whitehead,Belgium,Mr.,Microsoft,Human Resources,8
33,34,Mannix Bates,Belgium,Mr.,Microsoft,Research and Development,7
34,35,Deborah Duncan,Belgium,Mr.,Microsoft,Research and Development,3
35,36,Lara Rhodes,Belgium,Mr.,Microsoft,Research and Development,9
36,37,Galena David,Belgium,Mr.,Yahoo,Human Resources,7
37,38,Emery Duran,Belgium,Mr.,Yahoo,Human Resources,1
38,39,Danielle Daugherty,Belgium,Mr.,Yahoo,Research and Development,6
39,40,Patrick Castro,Belgium,Ms.,Adobe,Accounting,2
40,41,Kasper David,Belgium,Ms.,Adobe,Customer Relations,4
41,42,India Duffy,Belgium,Ms.,Google,Accounting,4
42,43,Jade Michael,Belgium,Ms.,Google,Accounting,2
43,44,Kato Stein,Belgium,Ms.,Google,Human Resources,8
44,45,Carlos Jennings,Belgium,Ms.,Microsoft,Human Resources,2
45,46,Stephen Bender,Belgium,Ms.,Microsoft,Research and Development,2
46,47,Elijah Hodge,Belgium,Ms.,Microsoft,Research and Development,3
47,48,Shannon Randolph,Belgium,Ms.,Microsoft,Research and Development,4
48,49,Morgan Meyers,Belgium,Ms.,Yahoo,Accounting,6
49,50,Jada Ingram,Belgium,Ms.,Yahoo,Accounting,8
50,51,Althea Morrison,Belgium,Ms.,Yahoo,Accounting,6
51,52,Aiko Montoya,Belgium,Ms.,Yahoo,Customer Relations,5
52,53,Justine Atkins,Belgium,Ms.,Yahoo,Customer Relations,10
53,54,Dora Silva,Belgium,Ms.,Yahoo,Customer Relations,1
54,55,Sybil Andrews,Belgium,Ms.,Yahoo,Human Resources,9
55,56,Allen Kinney,Belgium,Ms.,Yahoo,Human Resources,7
56,57,Isabella Washington,Belgium,Ms.,Yahoo,Research and Development,3
57,58,Zia Roman,Belgium,Ms.,Yahoo,Research and Development,10
58,59,Yoshio Rhodes,Belgium,Ms.,Yahoo,Research and Development,5
59,60,Kenyon Collier,Belgium,Ms.,Yahoo,Research and Development,9
60,61,Ronan Young,Belgium,Ms.,Yahoo,Research and Development,10
