S/n,Name,Country,Salutation,Company,Department
1,Avram Neal,Australia,Mr.,Adobe,Research and Development
2,Garth Robbins,Australia,Mr.,Microsoft,Customer Relations
3,Isaac Nixon,Australia,Mr.,Microsoft,Research and Development
4,Shellie Kinney,Australia,Mr.,Microsoft,Research and Development
5,Devin William,Australia,Mr.,Yahoo,Accounting
6,Amal Sutton,Australia,Mr.,Yahoo,Accounting
7,Isabella Washington,Australia,Mr.,Yahoo,Human Resources
8,Leo Whitehead,Australia,Mr.,Yahoo,Research and Development
9,Jade Michael,Australia,Mr.,Yahoo,Research and Development
10,Shannon Randolph,Australia,Ms.,Adobe,Accounting
11,Kennedy Graham,Australia,Ms.,Adobe,Research and Development
12,Murphy Clemons,Australia,Ms.,Microsoft,Customer Relations
13,Emerald Golden,Australia,Ms.,Microsoft,Customer Relations
14,Arthur Mcintyre,Australia,Ms.,Microsoft,Human Resources
15,Zia Roman,Australia,Ms.,Microsoft,Human Resources
16,Kasper David,Australia,Ms.,Microsoft,Research and Development
17,Bethany Powell,Australia,Ms.,Yahoo,Customer Relations
18,Tyrone Sullivan,Australia,Ms.,Yahoo,Human Resources
19,Aiko Montoya,Australia,Ms.,Yahoo,Research and Development
20,Stephen Bender,Belgium,Mr.,Adobe,Customer Relations
21,Brendan Barber,Belgium,Mr.,Adobe,Research and Development
22,Mason Wilson,Belgium,Mr.,Google,Accounting
23,Kenyon Collier,Belgium,Mr.,Google,Accounting
24,Ezekiel Rice,Belgium,Mr.,Google,Human Resources
25,Kato Stein,Belgium,Mr.,Microsoft,Accounting
26,Joan Roberson,Belgium,Mr.,Microsoft,Human Resources
27,Josephine Goodwin,Belgium,Mr.,Microsoft,Human Resources
28,Imelda Middleton,Belgium,Mr.,Microsoft,Research and Development
29,Jada Ingram,Belgium,Mr.,Microsoft,Research and Development
30,Price Jennings,Belgium,Mr.,Yahoo,Accounting
31,Tamekah Velazquez,Belgium,Mr.,Yahoo,Accounting
32,Mannix Bates,Belgium,Mr.,Yahoo,Customer Relations
33,Danielle Daugherty,Belgium,Mr.,Yahoo,Customer Relations
34,Dora Silva,Belgium,Mr.,Yahoo,Customer Relations
35,Kasimir Lynn,Belgium,Mr.,Yahoo,Human Resources
36,Lara Rhodes,Belgium,Mr.,Yahoo,Human Resources
37,Patrick Castro,Belgium,Mr.,Yahoo,Research and Development
38,Ronan Young,Belgium,Mr.,Yahoo,Research and Development
39,Sybil Andrews,Belgium,Ms.,Adobe,Accounting
40,Morgan Meyers,Belgium,Ms.,Adobe,Customer Relations
41,Sawyer Randall,Belgium,Ms.,Adobe,Human Resources
42,Gary Walters,Belgium,Ms.,Adobe,Human Resources
43,Justine Atkins,Belgium,Ms.,Adobe,Human Resources
44,Allen Kinney,Belgium,Ms.,Adobe,Research and Development
45,Akeem Small,Belgium,Ms.,Google,Accounting
46,Yoshio Rhodes,Belgium,Ms.,Google,Accounting
47,Slade Woodard,Belgium,Ms.,Google,Customer Relations
48,Logan Giles,Belgium,Ms.,Google,Customer Relations
49,Deborah Duncan,Belgium,Ms.,Google,Customer Relations
50,Hannah Rutledge,Belgium,Ms.,Google,Human Resources
51,Carlos Jennings,Belgium,Ms.,Google,Human Resources
52,Patrick Wolf,Belgium,Ms.,Microsoft,Human Resources
53,Darius Matthews,Belgium,Ms.,Microsoft,Human Resources
54,Emery Duran,Belgium,Ms.,Microsoft,Human Resources
55,Olympia Mckee,Belgium,Ms.,Microsoft,Research and Development
56,Althea Morrison,Belgium,Ms.,Microsoft,Research and Development
57,Tucker Petty,Belgium,Ms.,Yahoo,Customer Relations
58,Elijah Hodge,Belgium,Ms.,Yahoo,Customer Relations
59,Freya Heath,Belgium,Ms.,Yahoo,Human Resources
60,India Duffy,Belgium,Ms.,Yahoo,Human Resources
61,Galena David,Belgium,Ms.,Yahoo,Research and Development
